{
  "backprop" : true,
  "backpropType" : "Standard",
  "confs" : [ {
    "extraArgs" : [ 0 ],
    "l1ByParam" : {
      "b" : 0.0,
      "W" : 0.0
    },
    "l2ByParam" : {
      "b" : 0.0,
      "W" : 0.0
    },
    "layer" : {
      "dense" : {
        "activationFunction" : "relu",
        "adamMeanDecay" : "NaN",
        "adamVarDecay" : "NaN",
        "biasInit" : 0.0,
        "biasL1" : 0.0,
        "biasL2" : 0.0,
        "biasLearningRate" : 0.01,
        "dist" : null,
        "dropOut" : 0.0,
        "epsilon" : "NaN",
        "gradientNormalization" : "None",
        "gradientNormalizationThreshold" : 1.0,
        "l1" : 0.0,
        "l2" : 0.0,
        "layerName" : null,
        "learningRate" : 0.01,
        "learningRateSchedule" : null,
        "momentum" : 0.9,
        "momentumSchedule" : { },
        "nin" : 10,
        "nout" : 1024,
        "rho" : "NaN",
        "rmsDecay" : "NaN",
        "updater" : "NESTEROVS",
        "weightInit" : "XAVIER"
      }
    },
    "leakyreluAlpha" : 0.0,
    "learningRateByParam" : {
      "b" : 0.01,
      "W" : 0.01
    },
    "learningRatePolicy" : "None",
    "lrPolicyDecayRate" : "NaN",
    "lrPolicyPower" : "NaN",
    "lrPolicySteps" : "NaN",
    "maxNumLineSearchIterations" : 5,
    "miniBatch" : true,
    "minimize" : true,
    "numIterations" : 1,
    "optimizationAlgo" : "STOCHASTIC_GRADIENT_DESCENT",
    "pretrain" : false,
    "seed" : 123,
    "stepFunction" : null,
    "useDropConnect" : false,
    "useRegularization" : false,
    "variables" : [ "W", "b" ]
  }, {
    "extraArgs" : [ 0 ],
    "l1ByParam" : {
      "b" : 0.0,
      "W" : 0.0
    },
    "l2ByParam" : {
      "b" : 0.0,
      "W" : 0.0
    },
    "layer" : {
      "dense" : {
        "activationFunction" : "relu",
        "adamMeanDecay" : "NaN",
        "adamVarDecay" : "NaN",
        "biasInit" : 0.0,
        "biasL1" : 0.0,
        "biasL2" : 0.0,
        "biasLearningRate" : 0.01,
        "dist" : null,
        "dropOut" : 0.0,
        "epsilon" : "NaN",
        "gradientNormalization" : "None",
        "gradientNormalizationThreshold" : 1.0,
        "l1" : 0.0,
        "l2" : 0.0,
        "layerName" : null,
        "learningRate" : 0.01,
        "learningRateSchedule" : null,
        "momentum" : 0.9,
        "momentumSchedule" : { },
        "nin" : 1024,
        "nout" : 1024,
        "rho" : "NaN",
        "rmsDecay" : "NaN",
        "updater" : "NESTEROVS",
        "weightInit" : "XAVIER"
      }
    },
    "leakyreluAlpha" : 0.0,
    "learningRateByParam" : {
      "b" : 0.01,
      "W" : 0.01
    },
    "learningRatePolicy" : "None",
    "lrPolicyDecayRate" : "NaN",
    "lrPolicyPower" : "NaN",
    "lrPolicySteps" : "NaN",
    "maxNumLineSearchIterations" : 5,
    "miniBatch" : true,
    "minimize" : true,
    "numIterations" : 1,
    "optimizationAlgo" : "STOCHASTIC_GRADIENT_DESCENT",
    "pretrain" : false,
    "seed" : 123,
    "stepFunction" : null,
    "useDropConnect" : false,
    "useRegularization" : false,
    "variables" : [ "W", "b" ]
  }, {
    "extraArgs" : [ 0 ],
    "l1ByParam" : {
      "b" : 0.0,
      "W" : 0.0
    },
    "l2ByParam" : {
      "b" : 0.0,
      "W" : 0.0
    },
    "layer" : {
      "dense" : {
        "activationFunction" : "relu",
        "adamMeanDecay" : "NaN",
        "adamVarDecay" : "NaN",
        "biasInit" : 0.0,
        "biasL1" : 0.0,
        "biasL2" : 0.0,
        "biasLearningRate" : 0.01,
        "dist" : null,
        "dropOut" : 0.0,
        "epsilon" : "NaN",
        "gradientNormalization" : "None",
        "gradientNormalizationThreshold" : 1.0,
        "l1" : 0.0,
        "l2" : 0.0,
        "layerName" : null,
        "learningRate" : 0.01,
        "learningRateSchedule" : null,
        "momentum" : 0.9,
        "momentumSchedule" : { },
        "nin" : 1024,
        "nout" : 1024,
        "rho" : "NaN",
        "rmsDecay" : "NaN",
        "updater" : "NESTEROVS",
        "weightInit" : "XAVIER"
      }
    },
    "leakyreluAlpha" : 0.0,
    "learningRateByParam" : {
      "b" : 0.01,
      "W" : 0.01
    },
    "learningRatePolicy" : "None",
    "lrPolicyDecayRate" : "NaN",
    "lrPolicyPower" : "NaN",
    "lrPolicySteps" : "NaN",
    "maxNumLineSearchIterations" : 5,
    "miniBatch" : true,
    "minimize" : true,
    "numIterations" : 1,
    "optimizationAlgo" : "STOCHASTIC_GRADIENT_DESCENT",
    "pretrain" : false,
    "seed" : 123,
    "stepFunction" : null,
    "useDropConnect" : false,
    "useRegularization" : false,
    "variables" : [ "W", "b" ]
  }, {
    "extraArgs" : [ ],
    "l1ByParam" : {
      "b" : 0.0,
      "W" : 0.0
    },
    "l2ByParam" : {
      "b" : 0.0,
      "W" : 0.0
    },
    "layer" : {
      "output" : {
        "activationFunction" : "softmax",
        "adamMeanDecay" : "NaN",
        "adamVarDecay" : "NaN",
        "biasInit" : 0.0,
        "biasL1" : 0.0,
        "biasL2" : 0.0,
        "biasLearningRate" : 0.01,
        "dist" : null,
        "dropOut" : 0.0,
        "epsilon" : "NaN",
        "gradientNormalization" : "None",
        "gradientNormalizationThreshold" : 1.0,
        "l1" : 0.0,
        "l2" : 0.0,
        "layerName" : null,
        "learningRate" : 0.01,
        "learningRateSchedule" : null,
        "lossFn" : {
          "NegativeLogLikelihood" : { }
        },
        "lossFunction" : "NEGATIVELOGLIKELIHOOD",
        "momentum" : 0.9,
        "momentumSchedule" : { },
        "nin" : 1024,
        "nout" : 512,
        "rho" : "NaN",
        "rmsDecay" : "NaN",
        "updater" : "NESTEROVS",
        "weightInit" : "XAVIER"
      }
    },
    "leakyreluAlpha" : 0.0,
    "learningRateByParam" : {
      "b" : 0.01,
      "W" : 0.01
    },
    "learningRatePolicy" : "None",
    "lrPolicyDecayRate" : "NaN",
    "lrPolicyPower" : "NaN",
    "lrPolicySteps" : "NaN",
    "maxNumLineSearchIterations" : 5,
    "miniBatch" : true,
    "minimize" : true,
    "numIterations" : 1,
    "optimizationAlgo" : "STOCHASTIC_GRADIENT_DESCENT",
    "pretrain" : false,
    "seed" : 123,
    "stepFunction" : null,
    "useDropConnect" : false,
    "useRegularization" : false,
    "variables" : [ "W", "b" ]
  } ],
  "inputPreProcessors" : { },
  "pretrain" : false,
  "tbpttBackLength" : 20,
  "tbpttFwdLength" : 20
}